# ************************************************************
# Sequel Pro SQL dump
# Version 4541
#
# http://www.sequelpro.com/
# https://github.com/sequelpro/sequelpro
#
# Host: localhost (MySQL 5.7.21)
# Database: mmm
# Generation Time: 2019-01-24 16:47:45 +0000
# ************************************************************


/*!40101 SET @OLD_CHARACTER_SET_CLIENT=@@CHARACTER_SET_CLIENT */;
/*!40101 SET @OLD_CHARACTER_SET_RESULTS=@@CHARACTER_SET_RESULTS */;
/*!40101 SET @OLD_COLLATION_CONNECTION=@@COLLATION_CONNECTION */;
/*!40101 SET NAMES utf8 */;
/*!40014 SET @OLD_FOREIGN_KEY_CHECKS=@@FOREIGN_KEY_CHECKS, FOREIGN_KEY_CHECKS=0 */;
/*!40101 SET @OLD_SQL_MODE=@@SQL_MODE, SQL_MODE='NO_AUTO_VALUE_ON_ZERO' */;
/*!40111 SET @OLD_SQL_NOTES=@@SQL_NOTES, SQL_NOTES=0 */;


# Dump of table m_auth_group
# ------------------------------------------------------------

DROP TABLE IF EXISTS `m_auth_group`;

CREATE TABLE `m_auth_group` (
  `id` mediumint(8) unsigned NOT NULL AUTO_INCREMENT,
  `title` char(100) NOT NULL DEFAULT '',
  `status` tinyint(1) NOT NULL DEFAULT '1',
  `rules` char(80) NOT NULL DEFAULT '',
  PRIMARY KEY (`id`)
) ENGINE=MyISAM DEFAULT CHARSET=utf8;

LOCK TABLES `m_auth_group` WRITE;
/*!40000 ALTER TABLE `m_auth_group` DISABLE KEYS */;

INSERT INTO `m_auth_group` (`id`, `title`, `status`, `rules`)
VALUES
	(1,'管理员组',1,'1,2,12,13,3,4,5,6,7,8,9,14,15,16,19,17,18'),
	(2,'普通用户组',1,'1,2');

/*!40000 ALTER TABLE `m_auth_group` ENABLE KEYS */;
UNLOCK TABLES;


# Dump of table m_auth_group_access
# ------------------------------------------------------------

DROP TABLE IF EXISTS `m_auth_group_access`;

CREATE TABLE `m_auth_group_access` (
  `uid` mediumint(8) unsigned NOT NULL AUTO_INCREMENT,
  `group_id` mediumint(8) unsigned NOT NULL,
  `username` varchar(20) NOT NULL DEFAULT '',
  `password` varchar(20) NOT NULL DEFAULT '',
  `status` int(4) DEFAULT '1',
  PRIMARY KEY (`uid`),
  UNIQUE KEY `uid_group_id` (`uid`,`group_id`),
  KEY `group_id` (`group_id`)
) ENGINE=MyISAM DEFAULT CHARSET=utf8;

LOCK TABLES `m_auth_group_access` WRITE;
/*!40000 ALTER TABLE `m_auth_group_access` DISABLE KEYS */;

INSERT INTO `m_auth_group_access` (`uid`, `group_id`, `username`, `password`, `status`)
VALUES
	(1,1,'admin','123',1),
	(2,2,'mmm','123',1),
	(3,2,'yang','123',1),
	(4,2,'ybm','123',1);

/*!40000 ALTER TABLE `m_auth_group_access` ENABLE KEYS */;
UNLOCK TABLES;


# Dump of table m_auth_rule
# ------------------------------------------------------------

DROP TABLE IF EXISTS `m_auth_rule`;

CREATE TABLE `m_auth_rule` (
  `id` mediumint(8) unsigned NOT NULL AUTO_INCREMENT,
  `nid` mediumint(8) unsigned NOT NULL DEFAULT '0',
  `name` char(80) NOT NULL DEFAULT '',
  `title` char(80) NOT NULL DEFAULT '',
  `type` tinyint(1) NOT NULL DEFAULT '1',
  `status` tinyint(1) NOT NULL DEFAULT '1',
  `condition` char(100) NOT NULL DEFAULT '',
  `icon` varchar(20) DEFAULT NULL,
  PRIMARY KEY (`id`),
  UNIQUE KEY `name` (`name`)
) ENGINE=MyISAM DEFAULT CHARSET=utf8;

LOCK TABLES `m_auth_rule` WRITE;
/*!40000 ALTER TABLE `m_auth_rule` DISABLE KEYS */;

INSERT INTO `m_auth_rule` (`id`, `nid`, `name`, `title`, `type`, `status`, `condition`, `icon`)
VALUES
	(1,0,'dataconfiguration','数据供给',1,1,'','&#xe61e;'),
	(2,1,'index/dataconfiguration/select','数据筛选(完成后待删)',1,1,'',NULL),
	(3,0,'auth','系统设置',1,1,'',''),
	(4,3,'index/auth/authgroup','用户组&&权限',1,1,'',NULL),
	(5,3,'index/auth/user','用户管理',1,1,'',NULL),
	(6,3,'index/index/loginfo','登陆日志',1,1,'',NULL),
	(7,3,'index/auth/rule','栏目设置',1,1,'',NULL),
	(8,0,'analysis','模型归类分析',1,1,'','&#xe635;'),
	(9,8,'index/analysis/log','开发日志',1,1,'',NULL),
	(10,0,'tag','标签管理',1,0,'','&#xe70d;'),
	(11,10,'','标签定义',1,0,'',NULL),
	(12,1,'index/datainput/imageupload','批量导入上传',1,1,'',NULL),
	(13,1,'index/datainput/patch','爬虫获取数据',1,1,'',NULL),
	(14,0,'dataset','数据集管理',1,1,'','&#xe6d1;'),
	(15,14,'index/tagbase?connectbaseid=1','标签定义',1,1,'',NULL),
	(16,14,'index/dataconfiguration/tagbyman','结果接入',1,1,'',NULL),
	(17,0,'testFather','测试父节点啊',1,1,'',''),
	(18,17,'Auth/test/testson','测试子节点',1,1,'',NULL),
	(19,14,'index/parameter/index','参数管理',1,1,'',NULL);

/*!40000 ALTER TABLE `m_auth_rule` ENABLE KEYS */;
UNLOCK TABLES;


# Dump of table m_base
# ------------------------------------------------------------

DROP TABLE IF EXISTS `m_base`;

CREATE TABLE `m_base` (
  `id` int(11) unsigned NOT NULL AUTO_INCREMENT,
  `parentid` int(8) DEFAULT '0',
  `name` varchar(20) DEFAULT NULL,
  `no` varchar(20) DEFAULT NULL,
  PRIMARY KEY (`id`)
) ENGINE=InnoDB DEFAULT CHARSET=utf8;

LOCK TABLES `m_base` WRITE;
/*!40000 ALTER TABLE `m_base` DISABLE KEYS */;

INSERT INTO `m_base` (`id`, `parentid`, `name`, `no`)
VALUES
	(1,0,'人脸识别','FACEMODULE'),
	(2,0,'手势验证','HAND');

/*!40000 ALTER TABLE `m_base` ENABLE KEYS */;
UNLOCK TABLES;


# Dump of table m_loginlog
# ------------------------------------------------------------

DROP TABLE IF EXISTS `m_loginlog`;

CREATE TABLE `m_loginlog` (
  `id` int(11) unsigned NOT NULL AUTO_INCREMENT,
  `uid` int(5) unsigned NOT NULL DEFAULT '0',
  `username` varchar(10) NOT NULL DEFAULT '',
  `group_id` int(5) NOT NULL DEFAULT '0',
  `date` datetime DEFAULT NULL,
  PRIMARY KEY (`id`)
) ENGINE=InnoDB DEFAULT CHARSET=utf8;

LOCK TABLES `m_loginlog` WRITE;
/*!40000 ALTER TABLE `m_loginlog` DISABLE KEYS */;

INSERT INTO `m_loginlog` (`id`, `uid`, `username`, `group_id`, `date`)
VALUES
	(1,1,'admin',1,'2019-01-10 23:14:57'),
	(2,1,'admin',1,'2019-01-12 22:33:56'),
	(3,1,'admin',1,'2019-01-13 23:29:53'),
	(4,1,'admin',1,'2019-01-14 22:09:45'),
	(5,1,'admin',1,'2019-01-15 22:44:10'),
	(6,1,'admin',1,'2019-01-19 21:37:12'),
	(7,1,'admin',1,'2019-01-20 17:52:41'),
	(8,1,'admin',1,'2019-01-21 21:13:02'),
	(9,1,'admin',1,'2019-01-22 20:59:28'),
	(10,1,'admin',1,'2019-01-23 20:12:10'),
	(11,2,'mmm',2,'2019-01-23 20:18:00'),
	(12,1,'admin',1,'2019-01-23 20:18:10'),
	(13,2,'mmm',2,'2019-01-23 20:20:16'),
	(14,1,'admin',1,'2019-01-23 20:20:25'),
	(15,1,'admin',1,'2019-01-24 21:00:11');

/*!40000 ALTER TABLE `m_loginlog` ENABLE KEYS */;
UNLOCK TABLES;


# Dump of table m_para_experience
# ------------------------------------------------------------

DROP TABLE IF EXISTS `m_para_experience`;

CREATE TABLE `m_para_experience` (
  `id` int(11) unsigned NOT NULL AUTO_INCREMENT,
  `tags` varchar(11) DEFAULT NULL,
  `pic_id` int(10) DEFAULT NULL,
  `brief_id` int(11) DEFAULT NULL,
  PRIMARY KEY (`id`)
) ENGINE=InnoDB DEFAULT CHARSET=utf8;

LOCK TABLES `m_para_experience` WRITE;
/*!40000 ALTER TABLE `m_para_experience` DISABLE KEYS */;

INSERT INTO `m_para_experience` (`id`, `tags`, `pic_id`, `brief_id`)
VALUES
	(1,'18,26,28',1,1),
	(2,'18,26,29',2,1),
	(3,'19,26,28',3,1),
	(4,'18,26,29',4,1),
	(5,'18,26,29',5,1),
	(6,'19,25,28',6,1),
	(7,'18,25,28',7,1),
	(8,'18,26,28',8,1),
	(9,'19,26,29',9,1),
	(10,'19,26,28',10,1),
	(11,'19,26,28',11,1),
	(12,'18,26,28',12,1),
	(13,'18,26,29',13,1),
	(14,'18,26,28',14,1),
	(15,'19,25,28',15,1),
	(16,'19,25,28',16,1),
	(17,'19,25,28',17,1),
	(18,'18,26,29',18,1),
	(19,'19,26,29',19,1),
	(20,'18,26,28',20,1),
	(21,'18,25,29',21,1),
	(22,'18,26,29',22,1),
	(23,'19,26,29',23,1),
	(24,'19,26,28',24,1),
	(25,'19,25,29',25,1),
	(26,'18,26,28',26,1),
	(27,'18,25,29',27,1),
	(28,'19,25,29',28,1),
	(29,'19,25,29',29,1),
	(30,'18,25,29',30,1),
	(31,'18,26,28',31,1),
	(32,'19,26,28',32,1),
	(33,'19,25,29',33,1),
	(34,'18,25,29',34,1),
	(35,'18,25,29',35,1),
	(36,'19,25,28',36,1),
	(37,'18,25,29',37,1),
	(38,'18,26,28',38,1),
	(39,'18,25,28',39,1),
	(40,'18,26,28',40,1),
	(41,'18,26,28',41,1),
	(42,'19,25,29',42,1),
	(43,'19,25,28',43,1),
	(44,'18,26,28',44,1),
	(45,'19,25,29',45,1),
	(46,'18,25,29',46,1),
	(47,'18,25,29',47,1),
	(48,'18,25,29',48,1),
	(49,'19,25,29',49,1),
	(50,'19,26,28',50,1),
	(51,'19,26,29',51,1),
	(52,'19,25,29',52,1),
	(53,'18,26,29',53,1),
	(54,'19,26,28',54,1),
	(55,'18,25,28',55,1),
	(56,'19,26,28',56,1),
	(57,'19,26,28',57,1),
	(58,'19,25,28',58,1),
	(59,'18,25,28',59,1),
	(60,'19,25,29',60,1),
	(61,'19,25,28',61,1),
	(62,'18,26,29',62,1),
	(63,'19,26,28',63,1),
	(64,'19,25,28',64,1),
	(65,'19,25,29',65,1),
	(66,'18,25,28',66,1),
	(67,'19,26,28',67,1),
	(68,'18,26,29',68,1),
	(69,'19,26,29',69,1),
	(70,'19,26,28',70,1),
	(71,'19,26,28',71,1),
	(72,'19,25,29',72,1),
	(73,'18,25,29',73,1),
	(74,'18,26,28',74,1),
	(75,'18,26,29',75,1),
	(76,'18,26,29',76,1),
	(77,'18,26,28',77,1),
	(78,'19,25,29',78,1),
	(79,'19,25,29',79,1),
	(80,'19,25,28',80,1),
	(81,'19,26,28',81,1),
	(82,'19,25,28',82,1),
	(83,'18,25,29',83,1),
	(84,'19,25,29',84,1),
	(85,'18,25,28',85,1),
	(86,'18,25,29',86,1),
	(87,'19,25,29',87,1),
	(88,'18,26,29',88,1),
	(89,'19,25,28',89,1),
	(90,'19,26,28',90,1),
	(91,'19,25,28',91,1),
	(92,'18,26,29',92,1),
	(93,'19,26,28',93,1),
	(94,'19,26,28',94,1),
	(95,'18,25,29',95,1),
	(96,'18,25,28',1,2),
	(97,'18,25,29',2,2),
	(98,'19,25,29',3,2),
	(99,'18,26,29',4,2),
	(100,'19,25,28',5,2),
	(101,'19,26,29',6,2),
	(102,'18,26,29',7,2),
	(103,'18,25,29',8,2),
	(104,'18,26,28',9,2),
	(105,'19,25,29',10,2),
	(106,'19,25,29',11,2),
	(107,'19,26,29',12,2),
	(108,'18,26,28',13,2),
	(109,'19,26,29',14,2),
	(110,'19,26,29',15,2),
	(111,'18,26,29',16,2),
	(112,'18,25,29',17,2),
	(113,'18,26,29',18,2),
	(114,'18,26,29',19,2),
	(115,'18,26,29',20,2),
	(116,'18,25,29',21,2),
	(117,'19,26,29',22,2),
	(118,'19,25,28',23,2),
	(119,'19,26,29',24,2),
	(120,'19,26,29',25,2),
	(121,'18,26,28',26,2),
	(122,'19,25,28',27,2),
	(123,'19,26,29',28,2),
	(124,'18,25,28',29,2),
	(125,'18,25,28',30,2),
	(126,'18,26,29',31,2),
	(127,'18,26,28',32,2),
	(128,'18,26,28',33,2),
	(129,'19,26,29',34,2),
	(130,'18,26,29',35,2),
	(131,'19,26,28',36,2),
	(132,'18,25,29',37,2),
	(133,'18,25,28',38,2),
	(134,'18,26,29',39,2),
	(135,'18,25,29',40,2),
	(136,'18,25,28',41,2),
	(137,'19,25,28',42,2),
	(138,'18,26,29',43,2),
	(139,'18,25,29',44,2),
	(140,'18,25,28',45,2),
	(141,'18,25,28',46,2),
	(142,'19,26,28',47,2),
	(143,'18,25,28',48,2),
	(144,'18,25,28',49,2),
	(145,'18,25,28',50,2),
	(146,'18,26,29',51,2),
	(147,'19,25,29',52,2),
	(148,'18,25,29',53,2),
	(149,'18,26,29',54,2),
	(150,'18,25,29',55,2),
	(151,'18,25,28',56,2),
	(152,'18,25,28',57,2),
	(153,'18,26,29',58,2),
	(154,'19,26,29',59,2),
	(155,'19,25,29',60,2),
	(156,'18,26,29',61,2),
	(157,'18,26,29',62,2),
	(158,'19,25,28',63,2),
	(159,'19,26,28',64,2),
	(160,'19,25,29',65,2),
	(161,'19,26,29',66,2),
	(162,'18,26,28',67,2),
	(163,'18,25,29',68,2),
	(164,'18,25,29',69,2),
	(165,'18,25,28',70,2),
	(166,'18,25,28',71,2),
	(167,'18,26,28',72,2),
	(168,'18,25,29',73,2),
	(169,'18,26,28',74,2),
	(170,'18,26,29',75,2),
	(171,'19,25,29',76,2),
	(172,'19,26,28',77,2),
	(173,'19,25,29',78,2),
	(174,'19,25,28',79,2),
	(175,'19,25,28',80,2),
	(176,'18,26,28',81,2),
	(177,'19,26,28',82,2),
	(178,'18,26,29',83,2),
	(179,'19,25,28',84,2),
	(180,'19,25,29',85,2),
	(181,'18,26,28',86,2),
	(182,'19,26,28',87,2),
	(183,'19,25,29',88,2),
	(184,'18,26,29',89,2),
	(185,'19,25,28',90,2),
	(186,'18,25,29',91,2),
	(187,'19,26,29',92,2),
	(188,'18,26,29',93,2),
	(189,'19,25,28',94,2),
	(190,'18,25,28',95,2),
	(191,'18,25,28',1,2),
	(192,'19,25,28',2,2),
	(193,'19,26,28',3,2),
	(194,'19,25,29',4,2),
	(195,'18,25,29',5,2),
	(196,'18,26,28',6,2),
	(197,'18,26,28',7,2),
	(198,'18,25,28',8,2),
	(199,'18,25,29',9,2),
	(200,'18,26,28',10,2),
	(201,'18,26,28',11,2),
	(202,'19,26,29',12,2),
	(203,'19,25,28',13,2),
	(204,'18,26,29',14,2),
	(205,'19,26,29',15,2),
	(206,'18,25,29',16,2),
	(207,'19,25,29',17,2),
	(208,'19,25,29',18,2),
	(209,'18,26,29',19,2),
	(210,'18,25,28',20,2),
	(211,'18,25,28',21,2),
	(212,'18,25,29',22,2),
	(213,'19,25,28',23,2),
	(214,'18,26,28',24,2),
	(215,'19,25,29',25,2),
	(216,'18,25,28',26,2),
	(217,'19,25,29',27,2),
	(218,'19,26,29',28,2),
	(219,'18,25,29',29,2),
	(220,'19,25,28',30,2),
	(221,'18,26,29',31,2),
	(222,'18,25,29',32,2),
	(223,'18,25,29',33,2),
	(224,'18,25,29',34,2),
	(225,'18,25,28',35,2),
	(226,'19,26,28',36,2),
	(227,'18,25,28',37,2),
	(228,'18,25,29',38,2),
	(229,'18,25,28',39,2),
	(230,'19,26,29',40,2),
	(231,'19,26,29',41,2),
	(232,'19,26,29',42,2),
	(233,'18,26,29',43,2),
	(234,'18,25,28',44,2),
	(235,'19,25,28',45,2),
	(236,'19,25,29',46,2),
	(237,'19,25,28',47,2),
	(238,'19,26,28',48,2),
	(239,'18,26,29',49,2),
	(240,'18,26,28',50,2),
	(241,'19,26,28',51,2),
	(242,'19,25,28',52,2),
	(243,'18,25,29',53,2),
	(244,'18,26,28',54,2),
	(245,'18,26,28',55,2),
	(246,'18,26,28',56,2),
	(247,'19,25,29',57,2),
	(248,'19,26,29',58,2),
	(249,'19,26,28',59,2),
	(250,'19,26,28',60,2),
	(251,'18,26,29',61,2),
	(252,'18,25,28',62,2),
	(253,'19,26,29',63,2),
	(254,'19,25,28',64,2),
	(255,'19,26,28',65,2),
	(256,'18,25,28',66,2),
	(257,'18,25,28',67,2),
	(258,'19,26,29',68,2),
	(259,'19,26,29',69,2),
	(260,'19,26,29',70,2),
	(261,'18,25,29',71,2),
	(262,'19,26,28',72,2),
	(263,'19,25,28',73,2),
	(264,'19,25,28',74,2),
	(265,'18,25,29',75,2),
	(266,'19,25,29',76,2),
	(267,'18,25,29',77,2),
	(268,'19,26,29',78,2),
	(269,'18,26,29',79,2),
	(270,'18,26,28',80,2),
	(271,'18,26,28',81,2),
	(272,'19,25,28',82,2),
	(273,'19,25,29',83,2),
	(274,'19,26,29',84,2),
	(275,'19,25,29',85,2),
	(276,'18,25,29',86,2),
	(277,'18,25,29',87,2),
	(278,'19,25,28',88,2),
	(279,'19,26,28',89,2),
	(280,'19,25,28',90,2),
	(281,'18,26,29',91,2),
	(282,'19,25,28',92,2),
	(283,'18,25,28',93,2),
	(284,'19,26,28',94,2),
	(285,'18,25,28',95,2);

/*!40000 ALTER TABLE `m_para_experience` ENABLE KEYS */;
UNLOCK TABLES;


# Dump of table m_parameter
# ------------------------------------------------------------

DROP TABLE IF EXISTS `m_parameter`;

CREATE TABLE `m_parameter` (
  `id` int(11) unsigned NOT NULL AUTO_INCREMENT COMMENT '主键Id',
  `para1` varchar(30) DEFAULT NULL COMMENT '参数1',
  `para2` float(10,2) DEFAULT NULL COMMENT '参数2',
  `para3` varchar(30) DEFAULT NULL COMMENT '参数3',
  `brief` varchar(30) DEFAULT NULL COMMENT '备注',
  `para4` float(10,2) DEFAULT NULL COMMENT '参数4',
  PRIMARY KEY (`id`)
) ENGINE=InnoDB DEFAULT CHARSET=utf8;

LOCK TABLES `m_parameter` WRITE;
/*!40000 ALTER TABLE `m_parameter` DISABLE KEYS */;

INSERT INTO `m_parameter` (`id`, `para1`, `para2`, `para3`, `brief`, `para4`)
VALUES
	(1,'aa',10.24,'bb','备注参数组1',NULL),
	(2,'aa',11.00,'bb','备注参数组2',21.30);

/*!40000 ALTER TABLE `m_parameter` ENABLE KEYS */;
UNLOCK TABLES;


# Dump of table m_pic
# ------------------------------------------------------------

DROP TABLE IF EXISTS `m_pic`;

CREATE TABLE `m_pic` (
  `id` int(11) unsigned NOT NULL AUTO_INCREMENT,
  `src` varchar(100) DEFAULT NULL,
  `status` int(4) DEFAULT '0',
  `uid` int(8) DEFAULT '0',
  `tag` varchar(100) DEFAULT NULL,
  `type` int(5) DEFAULT '0',
  `date` datetime DEFAULT NULL,
  `resulterr` int(5) DEFAULT NULL,
  `brief` varchar(300) DEFAULT NULL,
  `manmadetags` varchar(255) DEFAULT NULL,
  `exec_num` int(10) unsigned DEFAULT '0',
  PRIMARY KEY (`id`)
) ENGINE=InnoDB DEFAULT CHARSET=utf8;

LOCK TABLES `m_pic` WRITE;
/*!40000 ALTER TABLE `m_pic` DISABLE KEYS */;

INSERT INTO `m_pic` (`id`, `src`, `status`, `uid`, `tag`, `type`, `date`, `resulterr`, `brief`, `manmadetags`, `exec_num`)
VALUES
	(1,'/patch/u=443105932,2594021401&fm=26&gp=0.jpg',1,1,'18,25,28',1,'2019-01-23 20:13:17',NULL,NULL,NULL,3),
	(2,'/patch/u=1359793217,2805555887&fm=26&gp=0.jpg',1,1,'19,25,28',1,'2019-01-23 20:13:17',NULL,NULL,NULL,3),
	(3,'/patch/u=1827558195,1600394955&fm=26&gp=0.jpg',1,1,'19,26,28',1,'2019-01-23 20:13:17',NULL,NULL,NULL,3),
	(4,'/patch/u=2037848741,3402860477&fm=26&gp=0.jpg',1,1,'19,25,29',1,'2019-01-23 20:13:17',NULL,NULL,NULL,3),
	(5,'/patch/u=140155122,75576204&fm=26&gp=0.jpg',1,1,'18,25,29',1,'2019-01-23 20:13:17',NULL,NULL,NULL,3),
	(6,'/patch/u=3340566889,1405156200&fm=26&gp=0.jpg',1,1,'18,26,28',1,'2019-01-23 20:13:17',NULL,NULL,NULL,3),
	(7,'/patch/u=2281814349,4248548732&fm=26&gp=0.jpg',1,1,'18,26,28',1,'2019-01-23 20:13:17',NULL,NULL,NULL,3),
	(8,'/patch/u=1837749080,569771208&fm=26&gp=0.jpg',1,1,'18,25,28',1,'2019-01-23 20:13:17',NULL,NULL,NULL,3),
	(9,'/patch/u=3510778787,3069924155&fm=26&gp=0.jpg',1,1,'18,25,29',1,'2019-01-23 20:13:17',NULL,NULL,NULL,3),
	(10,'/patch/u=3997779028,2397592275&fm=26&gp=0.jpg',1,1,'18,26,28',1,'2019-01-23 20:13:17',NULL,NULL,NULL,3),
	(11,'/patch/u=831376851,4014826398&fm=26&gp=0.jpg',1,1,'18,26,28',1,'2019-01-23 20:13:17',NULL,NULL,NULL,3),
	(12,'/patch/u=3201390039,3469604102&fm=26&gp=0.jpg',1,1,'19,26,29',1,'2019-01-23 20:13:17',NULL,NULL,NULL,3),
	(13,'/patch/u=2743594703,3708536567&fm=26&gp=0.jpg',1,1,'19,25,28',1,'2019-01-23 20:13:18',NULL,NULL,NULL,3),
	(14,'/patch/u=3662604716,3889068387&fm=26&gp=0.jpg',1,1,'18,26,29',1,'2019-01-23 20:13:18',NULL,NULL,NULL,3),
	(15,'/patch/u=1653610902,603041834&fm=26&gp=0.jpg',1,1,'19,26,29',1,'2019-01-23 20:13:18',NULL,NULL,NULL,3),
	(16,'/patch/u=3009389462,4043990325&fm=26&gp=0.jpg',1,1,'18,25,29',1,'2019-01-23 20:13:18',NULL,NULL,NULL,3),
	(17,'/patch/u=1807535713,2338093734&fm=26&gp=0.jpg',1,1,'19,25,29',1,'2019-01-23 20:13:18',NULL,NULL,NULL,3),
	(18,'/patch/u=2247204899,3742915028&fm=26&gp=0.jpg',1,1,'19,25,29',1,'2019-01-23 20:13:18',NULL,NULL,NULL,3),
	(19,'/patch/u=1573173164,1515888053&fm=26&gp=0.jpg',1,1,'18,26,29',1,'2019-01-23 20:13:18',NULL,NULL,NULL,3),
	(20,'/patch/u=4251081025,3268386021&fm=26&gp=0.jpg',1,1,'18,25,28',1,'2019-01-23 20:13:18',NULL,NULL,NULL,3),
	(21,'/patch/u=1768055909,974544026&fm=26&gp=0.jpg',1,1,'18,25,28',1,'2019-01-23 20:13:18',NULL,NULL,NULL,3),
	(22,'/patch/u=2741758640,103364564&fm=26&gp=0.jpg',1,1,'18,25,29',1,'2019-01-23 20:13:18',NULL,NULL,NULL,3),
	(23,'/patch/u=1912435675,2049467245&fm=26&gp=0.jpg',1,1,'19,25,28',1,'2019-01-23 20:13:18',NULL,NULL,NULL,3),
	(24,'/patch/u=3527270376,1973831212&fm=26&gp=0.jpg',1,1,'18,26,28',1,'2019-01-23 20:13:18',NULL,NULL,NULL,3),
	(25,'/patch/u=1850870784,502539696&fm=26&gp=0.jpg',1,1,'19,25,29',1,'2019-01-23 20:13:18',NULL,NULL,NULL,3),
	(26,'/patch/u=2782056814,1100376553&fm=26&gp=0.jpg',1,1,'18,25,28',1,'2019-01-23 20:13:18',NULL,NULL,NULL,3),
	(27,'/patch/u=160485890,4225153139&fm=26&gp=0.jpg',1,1,'19,25,29',1,'2019-01-23 20:13:18',NULL,NULL,NULL,3),
	(28,'/patch/u=4172139519,3549153523&fm=26&gp=0.jpg',1,1,'19,26,29',1,'2019-01-23 20:13:18',NULL,NULL,NULL,3),
	(29,'/patch/u=2169872087,1932281464&fm=26&gp=0.jpg',1,1,'18,25,29',1,'2019-01-23 20:13:18',NULL,NULL,NULL,3),
	(30,'/patch/u=980377503,403293414&fm=26&gp=0.jpg',1,1,'19,25,28',1,'2019-01-23 20:13:18',NULL,NULL,NULL,3),
	(31,'/patch/u=1942201017,1821651832&fm=26&gp=0.jpg',1,1,'18,26,29',1,'2019-01-23 20:13:18',NULL,NULL,NULL,3),
	(32,'/patch/u=2650327607,65496937&fm=26&gp=0.jpg',1,1,'18,25,29',1,'2019-01-23 20:13:18',NULL,NULL,NULL,3),
	(33,'/patch/u=3706880677,2493949710&fm=26&gp=0.jpg',1,1,'18,25,29',1,'2019-01-23 20:13:18',NULL,NULL,NULL,3),
	(34,'/patch/u=1499926889,2471536165&fm=26&gp=0.jpg',1,1,'18,25,29',1,'2019-01-23 20:13:18',NULL,NULL,NULL,3),
	(35,'/patch/u=2872190378,1434272478&fm=26&gp=0.jpg',1,1,'18,25,28',1,'2019-01-23 20:13:18',NULL,NULL,NULL,3),
	(36,'/patch/u=430388998,518940915&fm=26&gp=0.jpg',1,1,'19,26,28',1,'2019-01-23 20:13:18',NULL,NULL,NULL,3),
	(37,'/patch/u=1984964485,3731893088&fm=26&gp=0.jpg',1,1,'18,25,28',1,'2019-01-23 20:13:18',NULL,NULL,NULL,3),
	(38,'/patch/u=607500475,3001757569&fm=26&gp=0.jpg',1,1,'18,25,29',1,'2019-01-23 20:13:18',NULL,NULL,NULL,3),
	(39,'/patch/u=485297596,1870674750&fm=26&gp=0.jpg',1,1,'18,25,28',1,'2019-01-23 20:13:18',NULL,NULL,NULL,3),
	(40,'/patch/u=1507345707,2898095775&fm=26&gp=0.jpg',1,1,'19,26,29',1,'2019-01-23 20:13:18',NULL,NULL,NULL,3),
	(41,'/patch/u=1650758181,1769155460&fm=26&gp=0.jpg',1,1,'19,26,29',1,'2019-01-23 20:13:18',NULL,NULL,NULL,3),
	(42,'/patch/u=1368641307,2458642990&fm=26&gp=0.jpg',1,1,'19,26,29',1,'2019-01-23 20:13:19',NULL,NULL,NULL,3),
	(43,'/patch/u=4112253163,2745361146&fm=26&gp=0.jpg',1,1,'18,26,29',1,'2019-01-23 20:13:19',NULL,NULL,NULL,3),
	(44,'/patch/u=3629030322,3182031270&fm=26&gp=0.jpg',1,1,'18,25,28',1,'2019-01-23 20:13:19',NULL,NULL,NULL,3),
	(45,'/patch/u=1393134421,2112994866&fm=26&gp=0.jpg',1,1,'19,25,28',1,'2019-01-23 20:13:19',NULL,NULL,NULL,3),
	(46,'/patch/u=1338057493,1619737910&fm=26&gp=0.jpg',1,1,'19,25,29',1,'2019-01-23 20:13:19',NULL,NULL,NULL,3),
	(47,'/patch/u=3151017762,929480728&fm=26&gp=0.jpg',1,1,'19,25,28',1,'2019-01-23 20:13:19',NULL,NULL,NULL,3),
	(48,'/patch/u=153765416,1995562782&fm=26&gp=0.jpg',1,1,'19,26,28',1,'2019-01-23 20:13:19',NULL,NULL,NULL,3),
	(49,'/patch/u=2110532783,4075431487&fm=26&gp=0.jpg',1,1,'18,26,29',1,'2019-01-23 20:13:19',NULL,NULL,NULL,3),
	(50,'/patch/u=122174860,1950813244&fm=26&gp=0.jpg',1,1,'18,26,28',1,'2019-01-23 20:13:19',NULL,NULL,NULL,3),
	(51,'/patch/u=3521954332,605120704&fm=26&gp=0.jpg',1,1,'19,26,28',1,'2019-01-23 20:13:19',NULL,NULL,NULL,3),
	(52,'/patch/u=2802427358,390542776&fm=26&gp=0.jpg',1,1,'19,25,28',1,'2019-01-23 20:13:19',NULL,NULL,NULL,3),
	(53,'/patch/u=1038384917,3281962167&fm=26&gp=0.jpg',1,1,'18,25,29',1,'2019-01-23 20:13:19',NULL,NULL,NULL,3),
	(54,'/patch/u=104128441,581131191&fm=26&gp=0.jpg',1,1,'18,26,28',1,'2019-01-23 20:13:19',NULL,NULL,NULL,3),
	(55,'/patch/u=2174730356,3725429233&fm=26&gp=0.jpg',1,1,'18,26,28',1,'2019-01-23 20:13:19',NULL,NULL,NULL,3),
	(56,'/patch/u=1806478293,1007009757&fm=26&gp=0.jpg',1,1,'18,26,28',1,'2019-01-23 20:13:19',NULL,NULL,NULL,3),
	(57,'/patch/u=3936812430,3697051013&fm=26&gp=0.jpg',1,1,'19,25,29',1,'2019-01-23 20:13:19',NULL,NULL,NULL,3),
	(58,'/patch/u=3051576183,1109905129&fm=26&gp=0.jpg',1,1,'19,26,29',1,'2019-01-23 20:13:19',NULL,NULL,NULL,3),
	(59,'/patch/u=1494131618,3116634982&fm=26&gp=0.jpg',1,1,'19,26,28',1,'2019-01-23 20:13:19',NULL,NULL,NULL,3),
	(60,'/patch/u=846487762,3937160569&fm=26&gp=0.jpg',1,1,'19,26,28',1,'2019-01-23 20:13:19',NULL,NULL,NULL,3),
	(61,'/patch/u=2526380880,2348618365&fm=26&gp=0.jpg',1,1,'18,26,29',1,'2019-01-23 20:13:19',NULL,NULL,NULL,3),
	(62,'/patch/u=3843445883,2974888073&fm=26&gp=0.jpg',1,1,'18,25,28',1,'2019-01-23 20:13:19',NULL,NULL,NULL,3),
	(63,'/patch/u=2921465630,503614872&fm=26&gp=0.jpg',1,1,'19,26,29',1,'2019-01-23 20:13:19',NULL,NULL,NULL,3),
	(64,'/patch/u=2410056681,1956991878&fm=26&gp=0.jpg',1,1,'19,25,28',1,'2019-01-23 20:13:19',NULL,NULL,NULL,3),
	(65,'/patch/u=1590863028,3437571717&fm=26&gp=0.jpg',1,1,'19,26,28',1,'2019-01-23 20:13:19',NULL,NULL,NULL,3),
	(66,'/patch/u=2981052521,1586034228&fm=26&gp=0.jpg',1,1,'18,25,28',1,'2019-01-23 20:13:19',NULL,NULL,NULL,3),
	(67,'/patch/u=2261934021,2530772404&fm=26&gp=0.jpg',1,1,'18,25,28',1,'2019-01-23 20:13:19',NULL,NULL,NULL,3),
	(68,'/patch/u=2702570345,2236911904&fm=26&gp=0.jpg',1,1,'19,26,29',1,'2019-01-23 20:13:19',NULL,NULL,NULL,3),
	(69,'/patch/u=3031024819,4240679459&fm=26&gp=0.jpg',1,1,'19,26,29',1,'2019-01-23 20:13:20',NULL,NULL,NULL,3),
	(70,'/patch/u=686082211,3831756673&fm=26&gp=0.jpg',1,1,'19,26,29',1,'2019-01-23 20:13:20',NULL,NULL,NULL,3),
	(71,'/patch/u=2146001448,2746855515&fm=200&gp=0.jpg',1,1,'18,25,29',1,'2019-01-23 20:13:20',NULL,NULL,NULL,3),
	(72,'/patch/u=3140623669,1050337762&fm=200&gp=0.jpg',1,1,'19,26,28',1,'2019-01-23 20:13:20',NULL,NULL,NULL,3),
	(73,'/patch/u=3643203064,3581916386&fm=26&gp=0.jpg',1,1,'19,25,28',1,'2019-01-23 20:13:20',NULL,NULL,NULL,3),
	(74,'/patch/u=3826817579,3174984556&fm=26&gp=0.jpg',1,1,'19,25,28',1,'2019-01-23 20:13:20',NULL,NULL,NULL,3),
	(75,'/patch/u=2415242810,495856166&fm=26&gp=0.jpg',1,1,'18,25,29',1,'2019-01-23 20:13:20',NULL,NULL,NULL,3),
	(76,'/patch/u=2974625835,906461909&fm=26&gp=0.jpg',1,1,'19,25,29',1,'2019-01-23 20:13:20',NULL,NULL,NULL,3),
	(77,'/patch/u=1387957896,314945525&fm=200&gp=0.jpg',1,1,'18,25,29',1,'2019-01-23 20:13:20',NULL,NULL,NULL,3),
	(78,'/patch/u=1820977026,2052720583&fm=26&gp=0.jpg',1,1,'19,26,29',1,'2019-01-23 20:13:20',NULL,NULL,NULL,3),
	(79,'/patch/u=2561695663,3173644695&fm=26&gp=0.jpg',1,1,'18,26,29',1,'2019-01-23 20:13:20',NULL,NULL,NULL,3),
	(80,'/patch/u=3338204038,1146259666&fm=11&gp=0.jpg',1,1,'18,26,28',1,'2019-01-23 20:13:20',NULL,NULL,NULL,3),
	(81,'/patch/u=592153565,3894897239&fm=26&gp=0.jpg',1,1,'18,26,28',1,'2019-01-23 20:13:20',NULL,NULL,NULL,3),
	(82,'/patch/u=2084858147,3358690345&fm=200&gp=0.jpg',1,1,'19,25,28',1,'2019-01-23 20:13:20',NULL,NULL,NULL,3),
	(83,'/patch/u=4081605253,3996791242&fm=26&gp=0.jpg',1,1,'19,25,29',1,'2019-01-23 20:13:20',NULL,NULL,NULL,3),
	(84,'/patch/u=851128695,1676293946&fm=26&gp=0.jpg',1,1,'19,26,29',1,'2019-01-23 20:13:20',NULL,NULL,NULL,3),
	(85,'/patch/u=475332419,3563448973&fm=26&gp=0.jpg',1,1,'19,25,29',1,'2019-01-23 20:13:20',NULL,NULL,NULL,3),
	(86,'/patch/u=2242125332,3198823996&fm=26&gp=0.jpg',1,1,'18,25,29',1,'2019-01-23 20:13:20',NULL,NULL,NULL,3),
	(87,'/patch/u=3768278539,2963449294&fm=11&gp=0.jpg',1,1,'18,25,29',1,'2019-01-23 20:13:20',NULL,NULL,NULL,3),
	(88,'/patch/u=1437613913,2430464470&fm=11&gp=0.jpg',1,1,'19,25,28',1,'2019-01-23 20:13:20',NULL,NULL,NULL,3),
	(89,'/patch/u=1688085740,3029360992&fm=200&gp=0.jpg',1,1,'19,26,28',1,'2019-01-23 20:13:20',NULL,NULL,NULL,3),
	(90,'/patch/u=719084698,2339428637&fm=200&gp=0.jpg',1,1,'19,25,28',1,'2019-01-23 20:13:21',NULL,NULL,NULL,3),
	(91,'/upload/20190123/8fdb2e34d99d2bf96d3db4b16bf05c70.PNG',1,1,'18,26,29',1,NULL,NULL,'',NULL,3),
	(92,'/upload/20190123/1212c784648f5814ade5a802fc313b95.PNG',1,1,'19,25,28',1,NULL,NULL,'',NULL,3),
	(93,'/upload/20190123/9a5c301857b48f2a5e0858ea93d835a6.PNG',1,1,'18,25,28',1,NULL,NULL,'',NULL,3),
	(94,'/upload/20190123/7cce0ac1b8f4c103b2ed11a711f46365.PNG',1,1,'19,26,28',1,NULL,NULL,'',NULL,3),
	(95,'/upload/20190123/7709206ea97ff073e3225fda82ba7e88.PNG',1,1,'18,25,28',1,NULL,NULL,'',NULL,3);

/*!40000 ALTER TABLE `m_pic` ENABLE KEYS */;
UNLOCK TABLES;


# Dump of table m_tagbase
# ------------------------------------------------------------

DROP TABLE IF EXISTS `m_tagbase`;

CREATE TABLE `m_tagbase` (
  `id` int(5) unsigned NOT NULL AUTO_INCREMENT,
  `nid` int(5) NOT NULL,
  `tagname` varchar(10) NOT NULL,
  `no` varchar(10) DEFAULT NULL,
  `connectbaseid` int(5) NOT NULL,
  `status` int(5) NOT NULL DEFAULT '1',
  PRIMARY KEY (`id`)
) ENGINE=InnoDB DEFAULT CHARSET=utf8;

LOCK TABLES `m_tagbase` WRITE;
/*!40000 ALTER TABLE `m_tagbase` DISABLE KEYS */;

INSERT INTO `m_tagbase` (`id`, `nid`, `tagname`, `no`, `connectbaseid`, `status`)
VALUES
	(1,0,'人脸识别','FACEMODULE',1,1),
	(8,0,'手势验证','HAND',2,1),
	(12,8,'折损率',NULL,2,1),
	(13,12,'高',NULL,2,1),
	(14,12,'中',NULL,2,1),
	(17,1,'识别速度',NULL,1,1),
	(18,17,'快',NULL,1,1),
	(19,17,'慢',NULL,1,1),
	(24,1,'准确度',NULL,1,1),
	(25,24,'清晰',NULL,1,1),
	(26,24,'模糊',NULL,1,1),
	(27,1,'耗时',NULL,1,1),
	(28,27,'长',NULL,1,1),
	(29,27,'短',NULL,1,1);

/*!40000 ALTER TABLE `m_tagbase` ENABLE KEYS */;
UNLOCK TABLES;



/*!40111 SET SQL_NOTES=@OLD_SQL_NOTES */;
/*!40101 SET SQL_MODE=@OLD_SQL_MODE */;
/*!40014 SET FOREIGN_KEY_CHECKS=@OLD_FOREIGN_KEY_CHECKS */;
/*!40101 SET CHARACTER_SET_CLIENT=@OLD_CHARACTER_SET_CLIENT */;
/*!40101 SET CHARACTER_SET_RESULTS=@OLD_CHARACTER_SET_RESULTS */;
/*!40101 SET COLLATION_CONNECTION=@OLD_COLLATION_CONNECTION */;
